,A,Z,mean,error
Al,26.9815386,13,5.68393,0.0254396
Ti,47.867,22,7.96523,0.0461974
Au,196.966569,79,18.4326,0.0366897
Li,6.941,3,1.765820469,0.14202684
