,A,Z,mean,error
Al,26.9815386,13,5.68393,0.0270974
Ti,47.867,22,7.85933,0.0413067
Au,196.966569,79,18.2538,0.0467967
Li,6.941,3,1.31476868,0.077753341
